Timestamp,Open,High,Low,Close,Volume,Company Name
3/2/2010 9:01,8826.9,8856.95,8826.9,8839.8,6316783,Amazon
3/2/2010 9:02,8840.75,8853.9,8832.8,8852.3,6316784,Amazon
3/2/2010 9:03,8855.7,8855.7,8844.65,8846.65,6316785,Amazon
3/2/2010 9:04,8843.85,8850.7,8843.75,8846.7,6316786,Amazon
3/2/2010 9:05,8846.4,8846.4,8837.75,8841.6,6316787,Amazon
3/2/2010 9:06,8842.15,8842.95,8834.6,8836.9,6316788,Amazon
3/2/2010 9:07,8835.4,8846.35,8833.35,8846.35,6316789,Amazon
3/2/2010 9:08,8845.8,8855.7,8845.8,8855.7,6316790,Amazon
3/2/2010 9:09,8855.55,8863.95,8855.55,8859.15,6316791,Amazon
3/2/2010 9:10,8860.7,8869.4,8860.7,8864.95,6316792,Amazon
3/2/2010 9:11,8867.55,8873.6,8863.55,8863.55,6316793,Amazon
3/2/2010 9:12,8861.35,8867.85,8861.35,8867.85,6316794,Amazon
3/2/2010 9:13,8867.9,8869.55,8866.85,8868.15,6316795,Amazon
3/2/2010 9:14,8870.25,8877.95,8870.25,8877.95,6316796,Amazon
3/2/2010 9:15,8879.25,8893.1,8879.25,8893.1,6316797,Amazon
3/2/2010 9:16,8893.45,8893.6,8887.65,8893.05,6316798,Amazon
3/2/2010 9:17,8893.2,8901,8889.35,8899.35,6316799,Amazon
3/2/2010 9:18,8896.4,8902.6,8896.4,8899.55,6316800,Amazon
3/2/2010 9:19,8896.9,8907.35,8896.9,8905.55,6316801,Amazon
3/2/2010 9:20,8908.65,8908.65,8903.7,8906.7,6316802,Amazon
3/2/2010 9:21,8904.8,8906.75,8902.4,8904.2,6316803,Amazon
3/2/2010 9:22,8904.05,8904.05,8897.5,8899,6316804,Amazon
3/2/2010 9:23,8898.15,8909.6,8898.15,8909.6,6316805,Amazon
3/2/2010 9:24,8908,8908,8900.95,8904.15,6316806,Amazon
3/2/2010 9:25,8905.8,8907.7,8902.25,8903.3,6316807,Amazon
3/2/2010 9:26,8903.5,8903.5,8896.8,8902.2,6316808,Amazon
3/2/2010 9:27,8901.3,8904.55,8898.9,8904.55,6316809,Amazon
3/2/2010 9:28,8904.45,8907.35,8898.25,8898.25,6316810,Amazon
3/2/2010 9:29,8898.45,8899.3,8895.3,8895.85,6316811,Amazon
3/2/2010 9:30,8897.95,8897.95,8892,8892,6316812,Amazon
3/2/2010 9:31,8891.75,8892.35,8889.45,8892.25,6316813,Amazon
3/2/2010 9:32,8892.15,8894.05,8888.05,8888.05,6316814,Amazon
3/2/2010 9:33,8888.9,8891.2,8888.9,8890.5,6316815,Amazon
3/2/2010 9:34,8889.8,8889.8,8886.55,8886.55,6316816,Amazon
3/2/2010 9:35,8886.9,8886.9,8882.95,8883.8,6316817,Amazon
3/2/2010 9:36,8884.55,8885.95,8883.7,8884.9,6316818,Amazon
3/2/2010 9:37,8884.6,8887.85,8882.7,8887.85,6316819,Amazon
3/2/2010 9:38,8889.3,8889.3,8885.6,8886.1,6316820,Amazon
3/2/2010 9:39,8885.95,8888.75,8885.95,8887.55,6316821,Amazon
3/2/2010 9:40,8886.95,8888.8,8882.35,8886.4,6316822,Amazon
3/2/2010 9:41,8884.8,8884.8,8879.95,8880.05,6316823,Amazon
3/2/2010 9:42,8878.85,8878.85,8876.1,8876.75,6316824,Amazon
3/2/2010 9:43,8874,8878.5,8874,8876.95,6316825,Amazon
3/2/2010 9:44,8877.35,8880.8,8877.35,8879.4,6316826,Amazon
3/2/2010 9:45,8878.15,8878.15,8874.2,8874.2,6316827,Amazon
3/2/2010 9:46,8872.65,8875.3,8869,8869,6316828,Amazon
3/2/2010 9:47,8869.2,8871.75,8866.4,8870,6316829,Amazon
3/2/2010 9:48,8870.15,8871.05,8863.8,8865.35,6316830,Amazon
3/2/2010 9:49,8866.1,8873.65,8865.9,8873.65,6316831,Amazon
3/2/2010 9:50,8874.2,8875.7,8872.65,8875.7,6316832,Amazon
3/2/2010 9:51,8872.45,8875.3,8872,8875.3,6316833,Amazon
3/2/2010 9:52,8875.65,8876.5,8873.3,8873.75,6316834,Amazon
3/2/2010 9:53,8873.8,8876.15,8871.95,8876.15,6316835,Amazon
3/2/2010 9:54,8877.85,8879.65,8872.75,8872.75,6316836,Amazon
3/2/2010 9:55,8873.3,8876.2,8870.9,8870.9,6316837,Flipkart
3/2/2010 9:56,8870.25,8870.25,8866.2,8866.3,6316838,Flipkart
3/2/2010 9:57,8866.55,8869.3,8866.55,8868.4,6316839,Flipkart
3/2/2010 9:58,8869.45,8869.85,8867.8,8868.75,6316840,Flipkart
3/2/2010 9:59,8868.7,8869.8,8862.6,8862.75,6316841,Flipkart
3/2/2010 10:00,8862.45,8862.8,8858.4,8861.7,6316842,Flipkart
3/2/2010 10:01,8861.6,8862.3,8859.8,8860.75,6316843,Flipkart
3/2/2010 10:02,8863.1,8863.3,8861.15,8861.15,6316844,Flipkart
3/2/2010 10:03,8861.35,8864.7,8860.65,8864.7,6316845,Flipkart
3/2/2010 10:04,8865.45,8868,8864.35,8864.8,6316846,Flipkart
3/2/2010 10:05,8867.6,8868.9,8865.55,8867.7,6316847,Flipkart
3/2/2010 10:06,8867.9,8871,8866.45,8871,6316848,Flipkart
3/2/2010 10:07,8870.8,8873.2,8870.4,8873,6316849,Flipkart
3/2/2010 10:08,8871.2,8871.4,8870,8870.05,6316850,Flipkart
3/2/2010 10:09,8869.45,8873.7,8869.45,8870.8,6316851,Flipkart
3/2/2010 10:10,8870.65,8877.7,8870.65,8872.4,6316852,Flipkart
3/2/2010 10:11,8873,8876.65,8871.8,8876.65,6316853,Flipkart
3/2/2010 10:12,8877.85,8883.5,8877.55,8880.05,6316854,Flipkart
3/2/2010 10:13,8881.45,8887.25,8880.7,8884.75,6316855,Flipkart
3/2/2010 10:14,8883.45,8884.2,8878.95,8878.95,6316856,Flipkart
3/2/2010 10:15,8878.55,8879.55,8875.4,8877.85,6316857,Flipkart
3/2/2010 10:16,8877.25,8877.25,8872.55,8874.2,6316858,Flipkart
3/2/2010 10:17,8870.75,8874.15,8870.45,8872.1,6316859,Flipkart
3/2/2010 10:18,8873.4,8873.8,8871.25,8871.25,6316860,Flipkart
3/2/2010 10:19,8872.05,8873.7,8871.6,8873.7,6316861,Flipkart
3/2/2010 10:20,8872.65,8873.5,8870.85,8870.85,6316862,Flipkart
3/2/2010 10:21,8870.55,8870.55,8868.5,8868.85,6316863,Flipkart
3/2/2010 10:22,8868.1,8868.15,8864.45,8864.45,6316864,Flipkart
3/2/2010 10:23,8865,8865,8863,8864,6316865,Flipkart
3/2/2010 10:24,8865.05,8866.95,8864.75,8866.65,6316866,Flipkart
3/2/2010 10:25,8865.75,8865.75,8862.6,8863.2,6316867,Flipkart
3/2/2010 10:26,8863.35,8864.35,8862.55,8862.65,6316868,Flipkart
3/2/2010 10:27,8863.2,8863.75,8861.95,8863.5,6316869,Flipkart
3/2/2010 10:28,8862.95,8864.3,8862.95,8863.9,6316870,Flipkart
3/2/2010 10:29,8864.05,8868.35,8863.6,8867.2,6316871,Flipkart
3/2/2010 10:30,8865.05,8868.8,8865.05,8868.25,6316872,Flipkart
3/2/2010 10:31,8867.7,8870.95,8867.7,8869.3,6316873,Flipkart
3/2/2010 10:32,8870.35,8870.35,8868.65,8869.7,6316874,Flipkart
3/2/2010 10:33,8869.9,8869.9,8866.15,8866.8,6316875,Flipkart
3/2/2010 10:34,8866.6,8866.6,8862.25,8863.9,6316876,Flipkart
3/2/2010 10:35,8864.2,8869.75,8862,8868.65,6316877,Flipkart
3/2/2010 10:36,8870.5,8871,8868.5,8869,6316878,Flipkart
3/2/2010 10:37,8870.2,8872.3,8870.2,8871.05,6316879,Flipkart
3/2/2010 10:38,8872.5,8872.55,8870.35,8872.55,6316880,Flipkart
3/2/2010 10:39,8872.25,8873.1,8870.75,8873.1,6316881,Flipkart
3/2/2010 10:40,8873.75,8878.35,8873.7,8876.75,6316882,Flipkart
3/2/2010 10:41,8875.25,8875.25,8874.1,8875.15,6316883,Flipkart
3/2/2010 10:42,8874.95,8875,8873.3,8874.05,6316884,Flipkart
3/2/2010 10:43,8872.55,8872.55,8867.25,8867.25,6316885,Flipkart
3/2/2010 10:44,8867.75,8875.05,8867.75,8875.05,6316886,Flipkart
3/2/2010 10:45,8877.95,8878.65,8874.95,8878.65,6316887,Flipkart
3/2/2010 10:46,8876.1,8877.8,8875.8,8875.8,6316888,Flipkart
3/2/2010 10:47,8876.35,8876.35,8872.25,8872.85,6316889,Flipkart
3/2/2010 10:48,8874.45,8874.75,8872.9,8874.75,6316890,Flipkart
3/2/2010 10:49,8874.95,8877.8,8873.75,8877.8,6316891,Flipkart
3/2/2010 10:50,8877.75,8880.2,8877.75,8878.15,6316892,Flipkart
3/2/2010 10:51,8878.55,8879.6,8875.5,8875.5,6316893,Flipkart
3/2/2010 10:52,8875,8876.05,8874.25,8875.55,6316894,Flipkart
3/2/2010 10:53,8874.2,8875.7,8874.2,8875.2,6316895,Flipkart
3/2/2010 10:54,8874.1,8874.85,8871.3,8871.85,6316896,Flipkart
3/2/2010 10:55,8872.1,8874.25,8871.15,8871.15,6316897,Flipkart
3/2/2010 10:56,8872.4,8872.4,8869.5,8870.25,6316898,Flipkart
3/2/2010 10:57,8869.65,8872.85,8868.5,8870.85,6316899,Flipkart
3/2/2010 10:58,8870.15,8872.3,8869.6,8872.3,6316900,Flipkart
3/2/2010 10:59,8871,8873.4,8867.25,8867.55,6316901,Flipkart
3/2/2010 11:00,8868.65,8870.9,8866.65,8870.6,6316902,Flipkart
3/2/2010 11:01,8869.3,8870.3,8867.6,8869.3,6316903,Flipkart
3/2/2010 11:02,8870,8872.95,8869.8,8871.8,6316904,Flipkart
3/2/2010 11:03,8872.85,8873.35,8872.2,8873.1,6316905,Flipkart
3/2/2010 11:04,8874.55,8880.55,8874.55,8879.7,6316906,Flipkart
3/2/2010 11:05,8880.3,8880.3,8874.55,8875.9,6316907,Flipkart
3/2/2010 11:06,8875.1,8877.85,8875.1,8876.95,6316908,Flipkart
3/2/2010 11:07,8877.75,8879,8877.1,8877.3,6316909,Flipkart
3/2/2010 11:08,8877.25,8877.25,8874.6,8875.1,6316910,Flipkart
3/2/2010 11:09,8874,8881.45,8873.6,8881.45,6316911,Flipkart
3/2/2010 11:10,8880.6,8880.65,8879.35,8879.35,6316912,Flipkart
3/2/2010 11:11,8879.7,8889,8878.9,8889,6316913,Flipkart
3/2/2010 11:12,8888.2,8888.2,8881.15,8883.6,6316914,Flipkart
3/2/2010 11:13,8883.8,8886.85,8883.8,8885.65,6316915,Flipkart
3/2/2010 11:14,8883.9,8886.55,8883.45,8884.85,6316916,Flipkart
3/2/2010 11:15,8888.9,8890.65,8885.15,8889.8,6316917,Flipkart
3/2/2010 11:16,8888.3,8893.85,8888.3,8893.85,6316918,Flipkart
3/2/2010 11:17,8894.5,8894.5,8889.9,8889.9,6316919,Flipkart
3/2/2010 11:18,8887.15,8891.45,8887.15,8891.45,6316920,Flipkart
3/2/2010 11:19,8892.55,8892.9,8890.75,8892.05,6316921,Flipkart
3/2/2010 11:20,8891.35,8892.95,8891.35,8891.7,6316922,Flipkart
3/2/2010 11:21,8889.5,8893.25,8889.5,8892.9,6316923,Flipkart
3/2/2010 11:22,8893.15,8898.05,8893.15,8898.05,6316924,Flipkart
3/2/2010 11:23,8897,8898.65,8896.85,8898.3,6316925,Flipkart
3/2/2010 11:24,8898.15,8898.15,8895.35,8896.65,6316926,Flipkart
3/2/2010 11:25,8896.55,8902.3,8896.55,8901.25,6316927,Flipkart
3/2/2010 11:26,8902.5,8902.5,8899.05,8899.05,6316928,Flipkart
3/2/2010 11:27,8896.15,8898.05,8896,8896.75,6316929,Flipkart
3/2/2010 11:28,8896.65,8897.05,8896.05,8896.5,6316930,Flipkart
3/2/2010 11:29,8897.4,8897.85,8896.2,8896.2,6316931,Flipkart
3/2/2010 11:30,8895.05,8895.7,8893.75,8894.25,6316932,Flipkart
3/2/2010 11:31,8894,8894.65,8893.4,8894.4,6316933,Flipkart
3/2/2010 11:32,8894.75,8895.7,8894.1,8895.3,6316934,Flipkart
3/2/2010 11:33,8897.15,8899.75,8896.65,8898.1,6316935,Flipkart
3/2/2010 11:34,8897.9,8898.8,8896.75,8896.9,6316936,Flipkart
3/2/2010 11:35,8897.4,8898.9,8895.4,8898.9,6316937,Flipkart
3/2/2010 11:36,8898.25,8898.8,8897.2,8898.8,6316938,Flipkart
3/2/2010 11:37,8899.05,8899.05,8894.05,8894.05,6316939,Flipkart
3/2/2010 11:38,8894.45,8899.4,8894.45,8895.75,6316940,Flipkart
3/2/2010 11:39,8895.8,8895.95,8893.25,8894.3,6316941,Flipkart
3/2/2010 11:40,8894.65,8898.95,8892.75,8898.95,6316942,Flipkart
3/2/2010 11:41,8899.8,8902.9,8897.95,8897.95,6316943,Flipkart
3/2/2010 11:42,8899.25,8899.25,8895.45,8897.5,6316944,Flipkart
3/2/2010 11:43,8897.6,8897.6,8892.95,8892.95,6316945,Flipkart
3/2/2010 11:44,8892.05,8895.75,8891.85,8893.65,6316946,Flipkart
3/2/2010 11:45,8894.95,8898.2,8894.8,8895.3,6316947,Flipkart
3/2/2010 11:46,8892.85,8895,8891.2,8891.95,6316948,Flipkart
3/2/2010 11:47,8892.15,8894.05,8892.1,8894,6316949,Flipkart
3/2/2010 11:48,8892,8894.65,8892,8894.65,6316950,Flipkart
3/2/2010 11:49,8892.3,8894.95,8892.3,8894.95,6316951,Flipkart
3/2/2010 11:50,8893.3,8894.4,8892.9,8893.6,6316952,Flipkart
3/2/2010 11:51,8893.85,8896.85,8893.45,8893.7,6316953,Flipkart
3/2/2010 11:52,8892.85,8894.15,8891.75,8894.15,6316954,Flipkart
3/2/2010 11:53,8892.85,8894.95,8891.9,8892.95,6316955,Flipkart
3/2/2010 11:54,8893.1,8895.4,8892.6,8895.4,6316956,Flipkart
3/2/2010 11:55,8894.85,8895.05,8891.15,8891.15,6316957,Flipkart
3/2/2010 11:56,8890.6,8890.6,8889.05,8890.5,6316958,Flipkart
3/2/2010 11:57,8892.15,8893.2,8890.6,8891.5,6316959,Flipkart
3/2/2010 11:58,8891.6,8891.75,8890.3,8891.25,6316960,Flipkart
3/2/2010 11:59,8891.5,8891.55,8890.45,8891.4,6316961,Flipkart
3/2/2010 12:00,8890.9,8892.7,8890.85,8890.95,6316962,Flipkart
3/2/2010 12:01,8890.2,8891.55,8889.7,8889.9,6316963,Flipkart
3/2/2010 12:02,8888.45,8890.4,8887.7,8888.35,6316964,Flipkart
3/2/2010 12:03,8890.15,8890.15,8886.05,8886.35,6316965,Flipkart
3/2/2010 12:04,8887.9,8887.9,8883.8,8887,6316966,Flipkart
3/2/2010 12:05,8885.95,8886.65,8880.1,8880.5,6316967,Flipkart
3/2/2010 12:06,8881.8,8886.8,8881.8,8886.8,6316968,Flipkart
3/2/2010 12:07,8885.45,8886.1,8883.5,8883.5,6316969,Flipkart
3/2/2010 12:08,8883.45,8885.7,8883.15,8884.65,6316970,Flipkart
3/2/2010 12:09,8884.75,8887,8884.75,8886.1,6316971,Flipkart
3/2/2010 12:10,8886.7,8890.2,8886.5,8890.2,6316972,Flipkart
3/2/2010 12:11,8891.15,8891.15,8888.05,8889.9,6316973,Flipkart
3/2/2010 12:12,8890.4,8892.3,8889.9,8890.4,6316974,Flipkart
3/2/2010 12:13,8890.3,8890.3,8886.2,8886.4,6316975,Flipkart
3/2/2010 12:14,8888.15,8888.25,8887.25,8887.9,6316976,Flipkart
3/2/2010 12:15,8888.05,8888.45,8884.65,8885.5,6316977,Flipkart
3/2/2010 12:16,8883.95,8889.7,8883.95,8889.55,6316978,Flipkart
3/2/2010 12:17,8889.4,8890.3,8888.1,8890.3,6316979,Flipkart
3/2/2010 12:18,8889.65,8889.95,8888.35,8888.6,6316980,Flipkart
3/2/2010 12:19,8887.75,8892.5,8887.75,8892.5,6316981,Flipkart
3/2/2010 12:20,8890.15,8894.15,8890.15,8892.95,6316982,Flipkart
3/2/2010 12:21,8893.05,8894.9,8890.6,8892.1,6316983,Flipkart
3/2/2010 12:22,8893.8,8894.6,8892.05,8892.3,6316984,Flipkart
3/2/2010 12:23,8893.65,8895.75,8892.65,8894.9,6316985,Flipkart
3/2/2010 12:24,8893.2,8897,8893.2,8894.95,6316986,Flipkart
3/2/2010 12:25,8895.85,8899.45,8895.85,8897.55,6316987,Flipkart
3/2/2010 12:26,8897.4,8897.5,8896.4,8896.55,6316988,Flipkart
3/2/2010 12:27,8897.25,8898,8895.45,8895.65,6316989,Flipkart
3/2/2010 12:28,8895.85,8896,8893.9,8893.9,6316990,Flipkart
3/2/2010 12:29,8895,8900.25,8894.7,8899.75,6316991,Flipkart
3/2/2010 12:30,8899.8,8902.15,8899.3,8900.45,6316992,Flipkart
3/2/2010 12:31,8900.15,8904.25,8900.15,8902.25,6316993,Flipkart
3/2/2010 12:32,8900,8903.7,8899.9,8903.7,6316994,Flipkart
3/2/2010 12:33,8904.85,8909.5,8903.35,8909.5,6316995,Flipkart
3/2/2010 12:34,8909.05,8911.25,8908.65,8909.75,6316996,Flipkart
3/2/2010 12:35,8910.25,8910.3,8908.3,8908.3,6316997,Flipkart
3/2/2010 12:36,8908.05,8908.5,8905.35,8905.35,6316998,Flipkart
3/2/2010 12:37,8905.7,8906.3,8903.15,8903.15,6316999,Flipkart
3/2/2010 12:38,8903.55,8903.55,8899.8,8899.8,6317000,Flipkart
3/2/2010 12:39,8900,8900.85,8897.9,8899.6,6317001,Flipkart
3/2/2010 12:40,8896.55,8899.35,8896.45,8899.35,6317002,Flipkart
3/2/2010 12:41,8896.9,8899.25,8896.4,8897.1,6317003,Flipkart
3/2/2010 12:42,8897.3,8897.9,8894.9,8895.55,6317004,Flipkart
3/2/2010 12:43,8895.25,8897.85,8895.25,8896.9,6317005,Flipkart
3/2/2010 12:44,8899.25,8900.2,8895.95,8897.5,6317006,Flipkart
3/2/2010 12:45,8895.7,8897.05,8894.6,8895.1,6317007,Flipkart
3/2/2010 12:46,8894.3,8894.3,8886.9,8886.9,6317008,Flipkart
3/2/2010 12:47,8886.5,8886.5,8877.75,8879.15,6317009,Flipkart
3/2/2010 12:48,8881.25,8884.35,8878.75,8884.35,6317010,Flipkart
3/2/2010 12:49,8879.4,8881.45,8879.3,8881.45,6317011,Flipkart
3/2/2010 12:50,8881.25,8884.45,8881.25,8884.45,6317012,Flipkart
3/2/2010 12:51,8883.6,8886.6,8883.6,8886.6,6317013,Flipkart
3/2/2010 12:52,8886.65,8890.05,8884.5,8884.5,6317014,Flipkart
3/2/2010 12:53,8884.4,8887.25,8884.3,8887.25,6317015,Flipkart
3/2/2010 12:54,8886.7,8888.35,8885.4,8886.9,6317016,Flipkart
3/2/2010 12:55,8886.7,8888.85,8885.75,8888.85,6317017,Flipkart
3/2/2010 12:56,8887.95,8888.25,8884.6,8885,6317018,Flipkart
3/2/2010 12:57,8885.15,8888.5,8885.15,8887.7,6317019,Flipkart
3/2/2010 12:58,8887.75,8889,8887.7,8889,6317020,Flipkart
3/2/2010 12:59,8885.7,8888.45,8885.7,8888.4,6317021,Flipkart
3/2/2010 13:00,8888.2,8890.95,8888.05,8888.3,6317022,Flipkart
3/2/2010 13:01,8889.5,8891.6,8888.15,8890.55,6317023,Flipkart
3/2/2010 13:02,8891.85,8892.15,8889.9,8889.9,6317024,Flipkart
3/2/2010 13:03,8889.65,8889.65,8886.75,8888.65,6317025,Flipkart
3/2/2010 13:04,8890.6,8890.6,8888.4,8889.1,6317026,Flipkart
3/2/2010 13:05,8889,8889,8885.3,8885.3,6317027,Flipkart
3/2/2010 13:06,8883.7,8883.8,8879.8,8879.8,6317028,Flipkart
3/2/2010 13:07,8879.5,8881.8,8879.5,8881.8,6317029,Flipkart
3/2/2010 13:08,8881.7,8883.85,8881.7,8883.8,6317030,Flipkart
3/2/2010 13:09,8884.2,8888.95,8884.2,8888.95,6317031,Flipkart
3/2/2010 13:10,8888.85,8893,8888.85,8893,6317032,Flipkart
3/2/2010 13:11,8892.05,8899,8892.05,8896.5,6317033,Flipkart
3/2/2010 13:12,8896.35,8897,8895.7,8897,6317034,Flipkart
3/2/2010 13:13,8897.2,8897.2,8893.9,8895.4,6317035,Flipkart
3/2/2010 13:14,8894.65,8895.1,8892.25,8893.3,6317036,Flipkart
3/2/2010 13:15,8894.1,8894.85,8893.5,8894.35,6317037,Flipkart
3/2/2010 13:16,8894.5,8899.4,8894.5,8898.85,6317038,Flipkart
3/2/2010 13:17,8900.5,8903,8899.65,8901.35,6317039,Flipkart
3/2/2010 13:18,8900.45,8900.9,8896.8,8896.8,6317040,Flipkart
3/2/2010 13:19,8897.85,8898.65,8896.75,8897.85,6317041,Flipkart
3/2/2010 13:20,8898.45,8898.45,8895.1,8895.1,6317042,Flipkart
3/2/2010 13:21,8896.6,8897.5,8893.9,8896.9,6317043,Flipkart
3/2/2010 13:22,8897.45,8898.15,8894.85,8898.15,6317044,Flipkart
3/2/2010 13:23,8899.2,8899.9,8896.4,8897.35,6317045,Flipkart
3/2/2010 13:24,8894.95,8896.35,8894.9,8895.15,6317046,Flipkart
3/2/2010 13:25,8895.35,8897.1,8894.3,8895.55,6317047,Flipkart
3/2/2010 13:26,8895.5,8895.5,8893.4,8893.65,6317048,Flipkart
3/2/2010 13:27,8893.75,8894.55,8890.55,8894.55,6317049,Flipkart
3/2/2010 13:28,8892.3,8898.7,8892.3,8897.7,6317050,Flipkart
3/2/2010 13:29,8896.75,8899.65,8896.75,8899.65,6317051,Flipkart
3/2/2010 13:30,8899.6,8900.75,8899.4,8900.25,6317052,Flipkart
3/2/2010 13:31,8897.95,8901.6,8897.95,8900.6,6317053,Flipkart
3/2/2010 13:32,8900.65,8915.55,8900.6,8915.55,6317054,Flipkart
3/2/2010 13:33,8914.2,8914.5,8909.2,8914.5,6317055,Flipkart
3/2/2010 13:34,8914.7,8917.05,8914,8916.9,6317056,Flipkart
3/2/2010 13:35,8916.6,8919,8914.15,8917.95,6317057,Flipkart
3/2/2010 13:36,8917.65,8919.2,8916.05,8916.05,6317058,Flipkart
3/2/2010 13:37,8916.1,8916.75,8914.1,8915.85,6317059,Flipkart
3/2/2010 13:38,8915.5,8918.5,8914.05,8918.5,6317060,Flipkart
3/2/2010 13:39,8919.5,8921.7,8917.9,8917.9,6317061,Flipkart
3/2/2010 13:40,8918.3,8922.7,8917.7,8922.7,6317062,Flipkart
3/2/2010 13:41,8920.55,8926.7,8918.5,8925.55,6317063,Flipkart
3/2/2010 13:42,8924.55,8925.1,8919.6,8921.75,6317064,Flipkart
3/2/2010 13:43,8921.5,8922.9,8919.5,8919.95,6317065,Flipkart
3/2/2010 13:44,8920.85,8922.05,8917.6,8919.9,6317066,Flipkart
3/2/2010 13:45,8919.6,8919.6,8917.95,8917.95,6317067,Flipkart
3/2/2010 13:46,8916.95,8916.95,8915.3,8916.1,6317068,Flipkart
3/2/2010 13:47,8916.25,8916.65,8915.15,8915.9,6317069,Flipkart
3/2/2010 13:48,8914.25,8915.6,8912.8,8912.8,6317070,Flipkart
3/2/2010 13:49,8913.85,8915.9,8912.85,8915.9,6317071,Flipkart
3/2/2010 13:50,8915.95,8915.95,8912.85,8912.85,6317072,Flipkart
3/2/2010 13:51,8912.4,8918.4,8912.25,8915.9,6317073,Flipkart
3/2/2010 13:52,8918.15,8918.15,8911.5,8912.05,6317074,Flipkart
3/2/2010 13:53,8911.5,8911.7,8909.8,8910.55,6317075,Flipkart
3/2/2010 13:54,8909.95,8909.95,8907.4,8909.05,6317076,Flipkart
3/2/2010 13:55,8908.85,8910.35,8906.65,8906.65,6317077,Flipkart
3/2/2010 13:56,8908.75,8913.9,8908.7,8912.15,6317078,Flipkart
3/2/2010 13:57,8914.3,8914.95,8910.75,8912.35,6317079,Flipkart
3/2/2010 13:58,8913.6,8914.2,8911.5,8913.45,6317080,Flipkart
3/2/2010 13:59,8912.85,8915,8912.85,8915,6317081,Flipkart
3/2/2010 14:00,8915.25,8916.1,8914.45,8915.85,6317082,Flipkart
3/2/2010 14:01,8914.2,8915.4,8912.25,8912.55,6317083,Flipkart
3/2/2010 14:02,8911.4,8912.95,8910.25,8911.4,6317084,Flipkart
3/2/2010 14:03,8911.65,8911.65,8908.6,8910.45,6317085,Flipkart
3/2/2010 14:04,8909.15,8913.65,8909.15,8913.2,6317086,Flipkart
3/2/2010 14:05,8912.85,8915.6,8912.4,8915.05,6317087,Flipkart
3/2/2010 14:06,8913.25,8918.95,8912.75,8918.95,6317088,Flipkart
3/2/2010 14:07,8918.9,8921.5,8917,8917.6,6317089,Flipkart
3/2/2010 14:08,8917.4,8917.75,8914.9,8915.95,6317090,Flipkart
3/2/2010 14:09,8918.3,8925.8,8918.3,8925.8,6317091,Flipkart
3/2/2010 14:10,8924.65,8927.35,8923.3,8926.5,6317092,Flipkart
3/2/2010 14:11,8926.4,8928.55,8925.15,8928.55,6317093,Flipkart
3/2/2010 14:12,8928.7,8931.35,8928.7,8930.4,6317094,Flipkart
3/2/2010 14:13,8929.65,8931.95,8926.85,8931.95,6317095,Flipkart
3/2/2010 14:14,8930.65,8932.95,8929.1,8929.1,6317096,Flipkart
3/2/2010 14:15,8930.75,8930.8,8928.35,8930.05,6317097,Flipkart
3/2/2010 14:16,8929.3,8929.4,8928.05,8928.65,6317098,Flipkart
3/2/2010 14:17,8928.85,8932.95,8928.85,8931.1,6317099,Flipkart
3/2/2010 14:18,8931.45,8932.75,8929.6,8931.05,6317100,Flipkart
3/2/2010 14:19,8930,8931.1,8928.75,8929.35,6317101,Flipkart
3/2/2010 14:20,8930.6,8930.6,8928,8928.15,6317102,Flipkart
3/2/2010 14:21,8927.85,8928.85,8926.25,8926.25,6317103,Flipkart
3/2/2010 14:22,8926,8926.65,8924.45,8925.3,6317104,Flipkart
3/2/2010 14:23,8925.9,8925.9,8922.65,8924.45,6317105,Flipkart
3/2/2010 14:24,8922.05,8923.9,8918.25,8918.25,6317106,Flipkart
3/2/2010 14:25,8918,8918,8911.15,8911.15,6317107,Flipkart
3/2/2010 14:26,8911.45,8913.9,8911,8913.15,6317108,Flipkart
3/2/2010 14:27,8913.1,8914.8,8913.1,8913.8,6317109,Flipkart
3/2/2010 14:28,8913.15,8913.95,8912.05,8913.95,6317110,Flipkart
3/2/2010 14:29,8913.25,8913.25,8910.55,8910.55,6317111,Flipkart
3/2/2010 14:30,8910.7,8911.7,8910.65,8910.65,6317112,Flipkart
3/2/2010 14:31,8911.65,8911.65,8908.7,8909.3,6317113,Flipkart
3/2/2010 14:32,8909.4,8909.85,8907.4,8908.3,6317114,Flipkart
3/2/2010 14:33,8909.4,8909.9,8907.1,8909.9,6317115,Flipkart
3/2/2010 14:34,8910.3,8918.6,8910.3,8918.6,6317116,Flipkart
3/2/2010 14:35,8919.35,8919.45,8917.75,8917.75,6317117,Flipkart
3/2/2010 14:36,8921.25,8923.65,8921.25,8922.8,6317118,Flipkart
3/2/2010 14:37,8922.35,8923,8920.4,8921,6317119,Flipkart
3/2/2010 14:38,8920.95,8923.15,8920.9,8922.8,6317120,Flipkart
3/2/2010 14:39,8922.4,8922.4,8917.9,8919.25,6317121,Flipkart
3/2/2010 14:40,8919,8925,8918.9,8923.45,6317122,Flipkart
3/2/2010 14:41,8925.75,8930.65,8925.75,8930.1,6317123,Flipkart
3/2/2010 14:42,8927.8,8929.85,8927.2,8929.85,6317124,Flipkart
3/2/2010 14:43,8929.55,8930.85,8929.55,8929.7,6317125,Flipkart
3/2/2010 14:44,8928.9,8928.9,8926.75,8926.75,6317126,Flipkart
3/2/2010 14:45,8928.4,8931.6,8928.25,8928.9,6317127,Flipkart
3/2/2010 14:46,8927.7,8927.7,8924.6,8927.2,6317128,Flipkart
3/2/2010 14:47,8925.65,8926.95,8922.35,8922.35,6317129,Flipkart
3/2/2010 14:48,8922.5,8923.55,8920.6,8923.05,6317130,Flipkart
3/2/2010 14:49,8922.55,8922.6,8921.4,8921.5,6317131,Flipkart
3/2/2010 14:50,8920.9,8921.6,8919.9,8921.6,6317132,Flipkart
3/2/2010 14:51,8921.55,8922.4,8920.2,8922.4,6317133,Flipkart
3/2/2010 14:52,8921.05,8922.05,8919.45,8919.45,6317134,Flipkart
3/2/2010 14:53,8920.6,8920.6,8917.7,8917.7,6317135,Flipkart
3/2/2010 14:54,8917.8,8919.9,8917.75,8918.6,6317136,Flipkart
3/2/2010 14:55,8917.65,8919,8917.65,8917.8,6317137,Flipkart
3/2/2010 14:56,8917.6,8919.8,8916.95,8918.9,6317138,Flipkart
3/2/2010 14:57,8918.15,8919.95,8918.15,8919.95,6317139,Flipkart
3/2/2010 14:58,8919.85,8921.95,8919.85,8920.95,6317140,Flipkart
3/2/2010 14:59,8922.3,8922.3,8917.6,8917.75,6317141,Flipkart
3/2/2010 15:00,8917.55,8919,8917.3,8917.4,6317142,Flipkart
3/2/2010 15:01,8916.95,8918.15,8913.95,8913.95,6317143,Flipkart
3/2/2010 15:02,8913.1,8913.1,8906.25,8906.25,6317144,Flipkart
3/2/2010 15:03,8907.15,8907.8,8904.45,8904.45,6317145,Flipkart
3/2/2010 15:04,8903.5,8906,8900.65,8900.65,6317146,Flipkart
3/2/2010 15:05,8901.25,8904.4,8899.75,8903.3,6317147,Flipkart
3/2/2010 15:06,8902.3,8905.9,8902.3,8905.2,6317148,Flipkart
3/2/2010 15:07,8899.8,8903.75,8898.65,8901.5,6317149,Flipkart
3/2/2010 15:08,8903.95,8905.6,8903.55,8904.55,6317150,Flipkart
3/2/2010 15:09,8906.85,8910.6,8906.85,8909.8,6317151,Flipkart
3/2/2010 15:10,8910.05,8911.5,8908.35,8911.5,6317152,Flipkart
3/2/2010 15:11,8911.25,8912.9,8911.25,8912.45,6317153,Flipkart
3/2/2010 15:12,8911.45,8912.6,8909.6,8909.6,6317154,Flipkart
3/2/2010 15:13,8910.75,8917.3,8910.75,8917.3,6317155,Flipkart
3/2/2010 15:14,8916.35,8923.4,8916.35,8920.55,6317156,Flipkart
3/2/2010 15:15,8919.6,8921.5,8917.25,8921.5,6317157,Flipkart
3/2/2010 15:16,8920.7,8922.6,8917.55,8920.35,6317158,Flipkart
3/2/2010 15:17,8919.1,8919.9,8916.95,8917.7,6317159,Flipkart
3/2/2010 15:18,8918.65,8922.75,8915.05,8922.75,6317160,Flipkart
3/2/2010 15:19,8921.05,8923.3,8920.85,8923.1,6317161,Flipkart
3/2/2010 15:20,8923.4,8924.4,8921.75,8924.2,6317162,Flipkart
3/2/2010 15:21,8921.7,8933,8921.7,8932.8,6317163,Flipkart
3/2/2010 15:22,8931.6,8936.8,8931.55,8933.65,6317164,Flipkart
3/2/2010 15:23,8932.05,8937.5,8932.05,8936.75,6317165,Flipkart
3/2/2010 15:24,8935.65,8938.7,8935.65,8936.9,6317166,Flipkart
3/2/2010 15:25,8936.95,8936.95,8933.5,8935.6,6317167,Flipkart
3/2/2010 15:26,8933.8,8938.3,8933.8,8937.7,6317168,Flipkart
3/2/2010 15:27,8936.4,8937.85,8934.45,8934.45,6317169,Flipkart
3/2/2010 15:28,8934,8939.5,8932.5,8938.15,6317170,Flipkart
3/2/2010 15:29,8941.15,8945.6,8939.7,8945.6,6317171,Flipkart
3/2/2010 15:30,8944.8,8944.95,8941.35,8943.45,6317172,Flipkart
3/3/2010 9:01,8922.15,8955.95,8922.15,8955.95,6317173,Flipkart
3/3/2010 9:02,8960.4,8975.5,8958.55,8973.9,6317174,Flipkart
3/3/2010 9:03,8977.2,8981.25,8973.15,8974.9,6317175,Flipkart
3/3/2010 9:04,8972.65,8976,8972.65,8975,6317176,Flipkart
3/3/2010 9:05,8977.55,8994.65,8976.8,8994.65,6317177,Flipkart
3/3/2010 9:06,8996.15,9000.3,8995.35,8998.05,6317178,Flipkart
3/3/2010 9:07,9001.1,9003.35,8996.6,8996.6,6317179,Flipkart
3/3/2010 9:08,8998.25,8998.25,8989.95,8989.95,6317180,Flipkart
3/3/2010 9:09,8985.65,8990.05,8985.65,8990.05,6317181,Flipkart
3/3/2010 9:10,8990.15,8996.6,8988.4,8996.6,6317182,Flipkart
3/3/2010 9:11,8995.35,8995.35,8986.55,8986.55,6317183,Flipkart
3/3/2010 9:12,8989.05,8992.6,8987.45,8987.45,6317184,Flipkart
3/3/2010 9:13,8987.6,8992.8,8987.6,8990.15,6317185,Flipkart
3/3/2010 9:14,8990.2,8992.9,8989.2,8992.9,6317186,Flipkart
3/3/2010 9:15,8990.75,8990.75,8986.65,8987.95,6317187,Flipkart
3/3/2010 9:16,8986.4,8987.65,8982.65,8982.65,6317188,Flipkart
3/3/2010 9:17,8982.7,8985.2,8982.7,8982.9,6317189,Flipkart
3/3/2010 9:18,8983.8,8984.6,8979.1,8979.1,6317190,Flipkart
3/3/2010 9:19,8977.85,8978.55,8975.75,8977.95,6317191,Flipkart
3/3/2010 9:20,8977.2,8978.5,8973.15,8973.15,6317192,Flipkart
3/3/2010 9:21,8974.7,8974.8,8972.25,8973.65,6317193,Flipkart
3/3/2010 9:22,8973.1,8974.45,8973,8974.45,6317194,Flipkart
3/3/2010 9:23,8976.15,8976.15,8970,8970,6317195,Flipkart
3/3/2010 9:24,8968.35,8970.95,8968.35,8970.4,6317196,Flipkart
3/3/2010 9:25,8971,8973.35,8971,8972.65,6317197,Flipkart
3/3/2010 9:26,8971.7,8974.6,8971.7,8973.3,6317198,Flipkart
3/3/2010 9:27,8974.4,8974.9,8971,8972.25,6317199,Flipkart
3/3/2010 9:28,8972.8,8974.05,8970.05,8970.3,6317200,Flipkart
3/3/2010 9:29,8970.75,8981,8970.75,8979.15,6317201,Flipkart
3/3/2010 9:30,8977.35,8977.6,8976.2,8976.75,6317202,Flipkart
3/3/2010 9:31,8978,8982.85,8977.9,8980.5,6317203,Flipkart
3/3/2010 9:32,8979.4,8979.4,8975.8,8977.4,6317204,Flipkart
3/3/2010 9:33,8976.3,8977.85,8976.2,8976.25,6317205,Flipkart
3/3/2010 9:34,8978.5,8984.35,8977.55,8984.35,6317206,Flipkart
3/3/2010 9:35,8984.75,8986.9,8984.75,8985.7,6317207,Flipkart
3/3/2010 9:36,8984.95,8987.85,8984.95,8986.65,6317208,Flipkart
3/3/2010 9:37,8985.5,8987.6,8984.15,8984.6,6317209,Flipkart
3/3/2010 9:38,8983.7,8984.1,8980.8,8980.85,6317210,Flipkart
3/3/2010 9:39,8979.75,8980.9,8976.65,8978.45,6317211,Flipkart
3/3/2010 9:40,8977.5,8982.3,8976.7,8979.2,6317212,Flipkart
3/3/2010 9:41,8978.65,8982.95,8978.3,8980.45,6317213,Flipkart
3/3/2010 9:42,8980.8,8986.75,8979.85,8986.75,6317214,Flipkart
3/3/2010 9:43,8985.3,8988.75,8985.3,8988.35,6317215,Flipkart
3/3/2010 9:44,8989.85,8989.85,8983,8985,6317216,Flipkart
3/3/2010 9:45,8984,8984.4,8982.7,8983.1,6317217,Flipkart
3/3/2010 9:46,8984.55,8984.85,8983.45,8983.45,6317218,Flipkart
3/3/2010 9:47,8987.15,8989.95,8986.8,8989.45,6317219,Flipkart
3/3/2010 9:48,8989.3,8989.3,8985.15,8985.3,6317220,Flipkart
3/3/2010 9:49,8984.6,8984.95,8982.4,8984.05,6317221,Flipkart
3/3/2010 9:50,8982.45,8982.45,8977.15,8980.55,6317222,Flipkart
3/3/2010 9:51,8980.45,8982,8979.85,8981.9,6317223,Flipkart
3/3/2010 9:52,8981.55,8981.7,8976.25,8976.25,6317224,Flipkart
3/3/2010 9:53,8979.7,8979.7,8975.45,8976.15,6317225,Flipkart
3/3/2010 9:54,8976.2,8979.8,8975.15,8979.35,6317226,Flipkart
3/3/2010 9:55,8980.05,8981.6,8973.4,8973.4,6317227,Flipkart
3/3/2010 9:56,8975.2,8975.95,8974.25,8975.95,6317228,Flipkart
3/3/2010 9:57,8976.25,8982.1,8975.45,8980.8,6317229,Flipkart
3/3/2010 9:58,8981.65,8984.3,8981.35,8982.7,6317230,Flipkart
3/3/2010 9:59,8980.55,8988.2,8980.55,8988.2,6317231,Flipkart
3/3/2010 10:00,8989.6,8994.1,8989.6,8994.1,6317232,Flipkart
3/3/2010 10:01,8995.65,8997.85,8993.4,8995.95,6317233,Flipkart
3/3/2010 10:02,8996.4,8998.85,8995.85,8996.55,6317234,Flipkart
3/3/2010 10:03,8995.45,8995.8,8990.6,8992.05,6317235,Flipkart
3/3/2010 10:04,8993.9,8993.9,8990.5,8993.2,6317236,Flipkart
3/3/2010 10:05,8993.7,8993.7,8990.4,8990.5,6317237,Flipkart
3/3/2010 10:06,8990.6,8991.65,8988.25,8991.2,6317238,Flipkart
3/3/2010 10:07,8990.4,8991.05,8985.55,8986.95,6317239,Flipkart
3/3/2010 10:08,8987.1,8988.55,8985.9,8985.9,6317240,Flipkart
3/3/2010 10:09,8987.8,8989.6,8987.25,8988.05,6317241,Flipkart
3/3/2010 10:10,8987.85,8988.1,8984.9,8985.9,6317242,Flipkart
3/3/2010 10:11,8985.6,8986.6,8984.65,8986.15,6317243,Flipkart
3/3/2010 10:12,8986.4,8989.25,8986.4,8988.7,6317244,Flipkart
3/3/2010 10:13,8993.2,8997.35,8992.45,8997.35,6317245,Flipkart
3/3/2010 10:14,8994.6,8995.95,8992.2,8992.2,6317246,Flipkart
3/3/2010 10:15,8993.75,8999.75,8993.4,8998.05,6317247,Flipkart
3/3/2010 10:16,9002.85,9004.9,9002.85,9004.85,6317248,Flipkart
3/3/2010 10:17,9003.75,9006.8,9003.75,9004.8,6317249,Flipkart
3/3/2010 10:18,9004.75,9005,9000.7,9000.7,6317250,Flipkart
3/3/2010 10:19,9001.75,9005.1,9000.05,9003.2,6317251,Flipkart
3/3/2010 10:20,9004.25,9005.9,9003.3,9005.2,6317252,Flipkart
3/3/2010 10:21,9006.45,9008.3,9004.85,9008.1,6317253,Flipkart
3/3/2010 10:22,9008.65,9022.5,9008.65,9022.1,6317254,shopsy
3/3/2010 10:23,9019.6,9022.55,9016.7,9020,6317255,shopsy
3/3/2010 10:24,9020.6,9022.3,9018.7,9022.3,6317256,shopsy
3/3/2010 10:25,9022.45,9023,9020.6,9020.6,6317257,shopsy
3/3/2010 10:26,9020.9,9024,9020.65,9023.85,6317258,shopsy
3/3/2010 10:27,9020.9,9022.35,9020.1,9022.35,6317259,shopsy
3/3/2010 10:28,9023,9023,9018.7,9018.7,6317260,shopsy
3/3/2010 10:29,9020.85,9020.85,9017.75,9018.55,6317261,shopsy
3/3/2010 10:30,9020.1,9021,9019.05,9020.5,6317262,shopsy
3/3/2010 10:31,9020.55,9028.25,9020.55,9026.05,6317263,shopsy
3/3/2010 10:32,9027.05,9028.3,9026.9,9027.2,6317264,shopsy
3/3/2010 10:33,9026,9026,9022,9022,6317265,shopsy
3/3/2010 10:34,9023,9023.3,9019.45,9019.65,6317266,shopsy
3/3/2010 10:35,9019.8,9021.45,9018.65,9018.65,6317267,shopsy
3/3/2010 10:36,9018.35,9019.85,9017.75,9018.5,6317268,shopsy
3/3/2010 10:37,9018,9019.8,9017.2,9019.25,6317269,shopsy
3/3/2010 10:38,9019.15,9019.15,9016.65,9018.2,6317270,shopsy
3/3/2010 10:39,9017.75,9018.05,9014.65,9014.7,6317271,shopsy
3/3/2010 10:40,9014.1,9014.1,9010.5,9010.5,6317272,shopsy
3/3/2010 10:41,9011.25,9014.1,9010,9014.1,6317273,shopsy
3/3/2010 10:42,9013.9,9019.15,9013.4,9019.15,6317274,shopsy
3/3/2010 10:43,9019.2,9021.25,9018.8,9019.7,6317275,shopsy
3/3/2010 10:44,9019.85,9020.4,9018.1,9018.3,6317276,shopsy
3/3/2010 10:45,9017.7,9017.7,9014.65,9015.85,6317277,shopsy
3/3/2010 10:46,9014.7,9015.15,9013.15,9013.85,6317278,shopsy
3/3/2010 10:47,9012.4,9012.4,9008.7,9009.25,6317279,shopsy
3/3/2010 10:48,9009.15,9012.05,9009.15,9010.95,6317280,shopsy
3/3/2010 10:49,9010.6,9010.6,9002.7,9002.7,6317281,shopsy
3/3/2010 10:50,9003.45,9005.6,9002.8,9003.2,6317282,shopsy
3/3/2010 10:51,9002.45,9003.45,9002.1,9003.45,6317283,shopsy
3/3/2010 10:52,9004.5,9004.85,9000.7,9001.1,6317284,shopsy
3/3/2010 10:53,8999.5,8999.55,8997.3,8998.65,6317285,shopsy
3/3/2010 10:54,8998.05,9000.2,8997.6,8997.7,6317286,shopsy
3/3/2010 10:55,9000.05,9003.85,9000.05,9003.85,6317287,shopsy
3/3/2010 10:56,9003.75,9009.5,9003.75,9009.5,6317288,shopsy
3/3/2010 10:57,9009.35,9011.5,9009.1,9009.4,6317289,shopsy
3/3/2010 10:58,9009.45,9010.9,9007,9007,6317290,shopsy
3/3/2010 10:59,9007.9,9007.9,9005.5,9006.05,6317291,shopsy
3/3/2010 11:00,9005.8,9008.85,9004.65,9007.9,6317292,shopsy
3/3/2010 11:01,9007.7,9009.9,9007.7,9008.6,6317293,shopsy
3/3/2010 11:02,9006.7,9008,9005,9005,6317294,shopsy
3/3/2010 11:03,9006.15,9006.6,9005.2,9005.2,6317295,shopsy
3/3/2010 11:04,9006.4,9006.4,9003.35,9004.8,6317296,shopsy
3/3/2010 11:05,9003.5,9004.1,9001.15,9003.75,6317297,shopsy
3/3/2010 11:06,9004.8,9004.8,9002.15,9002.95,6317298,shopsy
3/3/2010 11:07,9002.9,9003.55,9002.15,9002.8,6317299,shopsy
3/3/2010 11:08,8999.15,8999.15,8992.4,8992.4,6317300,shopsy
3/3/2010 11:09,8993.7,8998,8993.25,8997.45,6317301,shopsy
3/3/2010 11:10,8996.9,9000,8995.75,8998.3,6317302,shopsy
3/3/2010 11:11,8997.35,8998.6,8996.95,8998.6,6317303,shopsy
3/3/2010 11:12,8998.3,8999.05,8996.45,8996.75,6317304,shopsy
3/3/2010 11:13,8996.05,8996.05,8991.55,8991.55,6317305,shopsy
3/3/2010 11:14,8992.35,8998.25,8992.35,8998.25,6317306,shopsy
3/3/2010 11:15,8999.65,9004.35,8998.05,9004.35,6317307,shopsy
3/3/2010 11:16,9004.2,9005.55,9002.85,9005.55,6317308,shopsy
3/3/2010 11:17,9005,9009.55,9005,9009.45,6317309,shopsy
3/3/2010 11:18,9008.9,9010.25,9007.25,9010.25,6317310,shopsy
3/3/2010 11:19,9011.35,9012.25,9008.2,9011.1,6317311,shopsy
3/3/2010 11:20,9010,9013.25,9009.85,9011.65,6317312,shopsy
3/3/2010 11:21,9010.55,9012.4,9009.8,9009.8,6317313,shopsy
3/3/2010 11:22,9010.05,9010.6,9006.35,9006.35,6317314,shopsy
3/3/2010 11:23,9007.5,9010.05,9005.3,9010.05,6317315,shopsy
3/3/2010 11:24,9007.65,9010.2,9005.4,9007.15,6317316,shopsy
3/3/2010 11:25,9006.5,9007.9,9005.1,9007.9,6317317,shopsy
3/3/2010 11:26,9005.4,9005.4,9001.15,9001.35,6317318,shopsy
3/3/2010 11:27,9002.75,9002.75,8999.85,9001.1,6317319,shopsy
3/3/2010 11:28,9000.7,9002.45,8997.05,8997.9,6317320,shopsy
3/3/2010 11:29,8997.4,8999.1,8997.4,8999.1,6317321,shopsy
3/3/2010 11:30,8997.35,9000.6,8997.35,9000,6317322,shopsy
3/3/2010 11:31,8998.9,9003.9,8998.85,9001,6317323,shopsy
3/3/2010 11:32,9004.05,9004.05,9000.6,9002,6317324,shopsy
3/3/2010 11:33,9003.05,9003.9,9001.55,9002.1,6317325,shopsy
3/3/2010 11:34,9001.8,9006.45,9001.8,9003.15,6317326,shopsy
3/3/2010 11:35,9003.95,9003.95,9003.05,9003.05,6317327,shopsy
3/3/2010 11:36,9003.35,9004.2,9002.35,9002.9,6317328,myntra
3/3/2010 11:37,9003.2,9006.35,9002.45,9004.7,6317329,myntra
3/3/2010 11:38,9003.35,9006.4,9002.8,9005.5,6317330,myntra
3/3/2010 11:39,9004.3,9009.65,9004.3,9007.4,6317331,myntra
3/3/2010 11:40,9007.15,9009.35,9006.85,9007.9,6317332,myntra
3/3/2010 11:41,9006.45,9008.05,9005.55,9005.55,6317333,myntra
3/3/2010 11:42,9006.25,9006.5,8998.85,8998.85,6317334,myntra
3/3/2010 11:43,8999.85,9000.55,8997.7,8997.9,6317335,myntra
3/3/2010 11:44,8998,8999.8,8995.25,8997.35,6317336,myntra
3/3/2010 11:45,8995.05,9005.1,8995.05,9005.1,6317337,myntra
3/3/2010 11:46,9003.55,9006.6,9002.75,9006.6,6317338,myntra
3/3/2010 11:47,9006.1,9008.55,9005.65,9007,6317339,myntra
3/3/2010 11:48,9006.9,9008.45,9005.55,9005.6,6317340,myntra
3/3/2010 11:49,9006.75,9009.15,9005.6,9008.75,6317341,myntra
3/3/2010 11:50,9008.05,9009.35,9007.4,9008.25,6317342,myntra
3/3/2010 11:51,9008.9,9012.2,9008.9,9011.55,6317343,myntra
3/3/2010 11:52,9010.65,9010.65,9008.6,9008.6,6317344,myntra
3/3/2010 11:53,9007.85,9008.85,9006.4,9008.85,6317345,myntra
3/3/2010 11:54,9007,9010.3,9007,9007.9,6317346,myntra
3/3/2010 11:55,9007.35,9009.8,9007.25,9008.2,6317347,myntra
3/3/2010 11:56,9011.85,9011.85,9009.2,9010.4,6317348,myntra
3/3/2010 11:57,9010.55,9011.35,9008.05,9008.85,6317349,myntra
3/3/2010 11:58,9009.3,9009.9,9007.5,9007.8,6317350,myntra
3/3/2010 11:59,9009.9,9010.3,9008,9009.65,6317351,myntra
3/3/2010 12:00,9008.85,9019.2,9008.7,9019.2,6317352,myntra
3/3/2010 12:01,9018.15,9020.9,9018.05,9019.4,6317353,myntra
3/3/2010 12:02,9019.65,9019.65,9015.85,9017.7,6317354,myntra
3/3/2010 12:03,9015.1,9018.45,9015.1,9017.4,6317355,myntra
3/3/2010 12:04,9017.05,9017.75,9015.55,9016.3,6317356,myntra
3/3/2010 12:05,9013.8,9015.55,9011.95,9011.95,6317357,myntra
3/3/2010 12:06,9012.55,9012.9,9011.7,9012.55,6317358,myntra
3/3/2010 12:07,9012.95,9015.15,9011.75,9014.45,6317359,myntra
3/3/2010 12:08,9012.75,9014.6,9012.05,9014.15,6317360,myntra
3/3/2010 12:09,9014.05,9014.15,9012.4,9012.4,6317361,myntra
3/3/2010 12:10,9011.05,9013,9010.35,9010.9,6317362,myntra
3/3/2010 12:11,9011.5,9012.8,9007.75,9012.4,6317363,myntra
3/3/2010 12:12,9013,9017.9,9010.9,9017.5,6317364,myntra
3/3/2010 12:13,9016.6,9018.25,9015.45,9017.1,6317365,myntra
3/3/2010 12:14,9018.85,9021.1,9018,9020.45,6317366,myntra
3/3/2010 12:15,9020.65,9021.8,9018.6,9018.7,6317367,myntra
3/3/2010 12:16,9016.7,9021.1,9016.7,9021.1,6317368,myntra
3/3/2010 12:17,9021,9022.35,9019.3,9020.7,6317369,myntra
3/3/2010 12:18,9019.4,9021.7,9019.4,9020.9,6317370,myntra
3/3/2010 12:19,9021.5,9021.9,9015.9,9018.7,6317371,myntra
3/3/2010 12:20,9018.35,9020.4,9017.65,9019.75,6317372,myntra
3/3/2010 12:21,9018.65,9018.7,9016.65,9018.7,6317373,myntra
3/3/2010 12:22,9016.15,9016.3,9014.1,9015,6317374,myntra
3/3/2010 12:23,9014.95,9017.05,9014.9,9016.3,6317375,myntra
3/3/2010 12:24,9016.4,9017.25,9014.2,9017.25,6317376,myntra
3/3/2010 12:25,9016.95,9020,9016.3,9019.1,6317377,myntra
3/3/2010 12:26,9020.75,9023.05,9019.35,9023.05,6317378,myntra
3/3/2010 12:27,9023.75,9023.75,9021.95,9023.05,6317379,myntra
3/3/2010 12:28,9021.6,9024.3,9021.45,9021.45,6317380,myntra
3/3/2010 12:29,9019.8,9019.8,9015.5,9015.7,6317381,myntra
3/3/2010 12:30,9016.65,9018.55,9015.1,9015.15,6317382,myntra
3/3/2010 12:31,9015.05,9015.95,9012.25,9012.25,6317383,myntra
3/3/2010 12:32,9012.95,9013.4,9009.75,9010.45,6317384,myntra
3/3/2010 12:33,9009.35,9011.9,9009.35,9009.65,6317385,myntra
3/3/2010 12:34,9009.85,9011.2,9006.45,9010,6317386,myntra
3/3/2010 12:35,9008.7,9009.95,9008,9009.45,6317387,myntra
3/3/2010 12:36,9008.95,9010,9006.8,9008.55,6317388,myntra
3/3/2010 12:37,9007.2,9007.6,9005.45,9007.6,6317389,myntra
3/3/2010 12:38,9007.55,9009.55,9007.4,9007.4,6317390,myntra
3/3/2010 12:39,9007.2,9010.85,9006.65,9010.5,6317391,myntra
3/3/2010 12:40,9011.65,9015.9,9011.65,9015.9,6317392,myntra
3/3/2010 12:41,9016.4,9017.1,9014.6,9014.65,6317393,myntra
3/3/2010 12:42,9015.75,9016.05,9014.35,9014.35,6317394,myntra
3/3/2010 12:43,9014.8,9016.2,9013.35,9015.9,6317395,myntra
3/3/2010 12:44,9016.8,9016.8,9015.2,9015.2,6317396,myntra
3/3/2010 12:45,9016,9019.85,9016,9019.4,6317397,myntra
3/3/2010 12:46,9020,9025.1,9020,9024.5,6317398,myntra
3/3/2010 12:47,9026.1,9027.1,9022.7,9022.7,6317399,myntra
3/3/2010 12:48,9024.9,9025.6,9022.45,9022.45,6317400,myntra
3/3/2010 12:49,9022.65,9024.05,9022.6,9023.75,6317401,myntra
3/3/2010 12:50,9024.9,9025.25,9022.8,9022.8,6317402,myntra
3/3/2010 12:51,9024.05,9024.8,9022.35,9023.5,6317403,myntra
3/3/2010 12:52,9022.7,9025.2,9022.55,9025.2,6317404,myntra
3/3/2010 12:53,9024.85,9025.55,9024.15,9024.6,6317405,myntra
3/3/2010 12:54,9023.8,9026.65,9023.6,9025.75,6317406,myntra
3/3/2010 12:55,9025.7,9025.8,9023.75,9025.15,6317407,myntra
3/3/2010 12:56,9025.7,9025.7,9022.15,9022.15,6317408,myntra
3/3/2010 12:57,9021.6,9023.2,9019.45,9019.45,6317409,myntra
3/3/2010 12:58,9020,9020,9018,9019.5,6317410,myntra
3/3/2010 12:59,9018.8,9018.8,9017.05,9017.05,6317411,myntra
3/3/2010 13:00,9016.85,9017.8,9016.5,9016.5,6317412,myntra
3/3/2010 13:01,9017.6,9020.8,9016.7,9016.75,6317413,myntra
3/3/2010 13:02,9015.9,9017.65,9015.05,9015.05,6317414,myntra
3/3/2010 13:03,9015.95,9017.4,9015.4,9015.7,6317415,myntra
3/3/2010 13:04,9017.65,9020.45,9017.65,9019.65,6317416,myntra
3/3/2010 13:05,9018.8,9023.55,9018.2,9022.4,6317417,myntra
3/3/2010 13:06,9022.2,9022.65,9018.95,9022.4,6317418,myntra
3/3/2010 13:07,9028.7,9029.2,9025.05,9025.05,6317419,myntra
3/3/2010 13:08,9025.3,9028.6,9025.3,9027.1,6317420,myntra
3/3/2010 13:09,9026.55,9028.4,9024.25,9024.25,6317421,myntra
3/3/2010 13:10,9025.8,9028.6,9023.65,9028.1,6317422,myntra
3/3/2010 13:11,9027,9027,9024.25,9025,6317423,myntra
3/3/2010 13:12,9024,9024.45,9020.8,9020.8,6317424,myntra
3/3/2010 13:13,9021.1,9022.1,9018.9,9018.9,6317425,myntra
3/3/2010 13:14,9016.4,9021.65,9016.15,9021.65,6317426,myntra
3/3/2010 13:15,9022.25,9022.55,9018.25,9020.1,6317427,myntra
3/3/2010 13:16,9021.8,9024.1,9020.45,9021.15,6317428,myntra
3/3/2010 13:17,9021.25,9023.55,9020.9,9022.3,6317429,myntra
3/3/2010 13:18,9023.85,9023.85,9018.75,9018.75,6317430,myntra
3/3/2010 13:19,9021.05,9021.65,9019.95,9020.25,6317431,myntra
3/3/2010 13:20,9018.15,9018.75,9014.6,9014.9,6317432,myntra
3/3/2010 13:21,9014.85,9016.45,9012.8,9015.5,6317433,myntra
3/3/2010 13:22,9015.05,9016.25,9011.55,9011.55,6317434,myntra
3/3/2010 13:23,9011.95,9011.95,9008.45,9008.45,6317435,myntra
3/3/2010 13:24,9009.1,9014.6,9009.05,9013.6,6317436,myntra
3/3/2010 13:25,9012.85,9014.65,9011.5,9011.8,6317437,myntra
3/3/2010 13:26,9013.05,9013.05,9010.4,9010.55,6317438,myntra
3/3/2010 13:27,9010.6,9012.65,9009.3,9012.65,6317439,myntra
3/3/2010 13:28,9013.25,9013.25,9011.9,9012,6317440,myntra
3/3/2010 13:29,9012.4,9018.4,9012.4,9016.9,6317441,myntra
3/3/2010 13:30,9017.7,9018.6,9015.05,9016.8,6317442,myntra
3/3/2010 13:31,9014.6,9014.65,9007.35,9007.35,6317443,myntra
3/3/2010 13:32,9007.5,9011.15,9007.1,9009.65,6317444,myntra
3/3/2010 13:33,9010.25,9012.6,9009.8,9012.6,6317445,myntra
3/3/2010 13:34,9011.1,9013.75,9011.1,9011.3,6317446,myntra
3/3/2010 13:35,9009.55,9011.2,9008.7,9011.2,6317447,myntra
3/3/2010 13:36,9011.85,9015.4,9009.55,9015.4,6317448,myntra
3/3/2010 13:37,9013.65,9016.9,9013.65,9014.05,6317449,myntra
3/3/2010 13:38,9014.4,9015.8,9013.25,9014.8,6317450,myntra
3/3/2010 13:39,9014.6,9017,9012.9,9016.35,6317451,myntra
3/3/2010 13:40,9017.1,9018.4,9015.3,9015.3,6317452,myntra
3/3/2010 13:41,9016.45,9016.45,9006.8,9006.8,6317453,myntra
3/3/2010 13:42,9005.85,9010.1,9005,9009.4,6317454,myntra
3/3/2010 13:43,9008.7,9010.2,9008.7,9009.45,6317455,myntra
3/3/2010 13:44,9010.15,9011.4,9004.95,9004.95,6317456,myntra
3/3/2010 13:45,9001.8,9003.4,8997.3,8997.7,6317457,myntra
3/3/2010 13:46,8996.35,8998.1,8990.2,8991.15,6317458,myntra
3/3/2010 13:47,8991.45,8999.8,8991.45,8999.8,6317459,myntra
3/3/2010 13:48,8999.85,9006.65,8999.85,9006.65,6317460,myntra
3/3/2010 13:49,9007.4,9010.25,9006.1,9009.3,6317461,myntra
3/3/2010 13:50,9008.75,9010.15,9007.15,9010.15,6317462,myntra
3/3/2010 13:51,9011.7,9013.8,9011.5,9013.05,6317463,myntra
3/3/2010 13:52,9013.9,9017,9012.4,9017,6317464,myntra
3/3/2010 13:53,9017.2,9017.5,9015.15,9016.5,6317465,myntra
3/3/2010 13:54,9014.4,9015.1,9011.15,9011.15,6317466,myntra
3/3/2010 13:55,9012.25,9012.25,9006.2,9006.2,6317467,myntra
3/3/2010 13:56,9007,9009.75,9006.9,9006.9,6317468,myntra
3/3/2010 13:57,9006.6,9009.8,9005.05,9007,6317469,myntra
3/3/2010 13:58,9006.6,9014.05,9006.45,9013.35,6317470,myntra
3/3/2010 13:59,9012.15,9012.95,9010.55,9012.95,6317471,myntra
3/3/2010 14:00,9012.1,9014.2,9012.1,9013.05,6317472,myntra
3/3/2010 14:01,9013.5,9015.45,9012.3,9014.95,6317473,myntra
3/3/2010 14:02,9011.2,9012.65,9010.4,9011.7,6317474,myntra
3/3/2010 14:03,9012.5,9015.15,9012.5,9012.7,6317475,myntra
3/3/2010 14:04,9015.1,9015.1,9013.55,9014.55,6317476,myntra
3/3/2010 14:05,9016.1,9017.65,9013.45,9017.65,6317477,myntra
3/3/2010 14:06,9016.75,9021.05,9016.25,9020.8,6317478,myntra
3/3/2010 14:07,9021.25,9027.4,9020.35,9026.9,6317479,myntra
3/3/2010 14:08,9026.45,9034.05,9026.45,9028.55,6317480,myntra
3/3/2010 14:09,9026.95,9026.95,9023.8,9023.8,6317481,myntra
3/3/2010 14:10,9023.85,9026.25,9022.15,9023.75,6317482,myntra
3/3/2010 14:11,9025,9026.55,9023.8,9026.55,6317483,myntra
3/3/2010 14:12,9025.95,9032.5,9025.95,9030.4,6317484,myntra
3/3/2010 14:13,9031.75,9043.2,9031.75,9043.2,6317485,myntra
3/3/2010 14:14,9043.7,9045.55,9042.75,9043.05,6317486,myntra
3/3/2010 14:15,9041.95,9044.05,9036.45,9036.45,6317487,myntra
3/3/2010 14:16,9037.1,9037.1,9032.2,9033.8,6317488,myntra
3/3/2010 14:17,9034.5,9036.35,9033.5,9035,6317489,myntra
3/3/2010 14:18,9035.6,9035.6,9030.2,9030.65,6317490,myntra
3/3/2010 14:19,9031.35,9031.35,9027.7,9029.05,6317491,myntra
3/3/2010 14:20,9034.6,9035.85,9032.2,9035.25,6317492,myntra
3/3/2010 14:21,9032.65,9035.7,9031.9,9031.9,6317493,myntra
3/3/2010 14:22,9036.65,9036.65,9032.35,9032.9,6317494,myntra
3/3/2010 14:23,9032.75,9037.35,9032.75,9036,6317495,myntra
3/3/2010 14:24,9035.25,9035.25,9030.55,9031.9,6317496,myntra
3/3/2010 14:25,9028.8,9030.9,9026.9,9026.9,6317497,myntra
3/3/2010 14:26,9027,9027,9024.95,9025.9,6317498,myntra
3/3/2010 14:27,9027.8,9027.8,9022.2,9022.55,6317499,myntra
3/3/2010 14:28,9023.05,9028.3,9023.05,9028.3,6317500,myntra
3/3/2010 14:29,9031.25,9031.25,9028.9,9030,6317501,myntra
3/3/2010 14:30,9028.2,9028.2,9024.75,9026.55,6317502,myntra
3/3/2010 14:31,9026.45,9029.3,9026.45,9029.3,6317503,myntra
3/3/2010 14:32,9027.7,9036.7,9025.5,9035.75,6317504,myntra
3/3/2010 14:33,9034.8,9041.35,9034.4,9039.95,6317505,myntra
3/3/2010 14:34,9039.5,9041.05,9036,9036,6317506,myntra
3/3/2010 14:35,9036.5,9037.3,9030.45,9030.45,6317507,myntra
3/3/2010 14:36,9031.3,9036.6,9028.6,9034.65,6317508,myntra
3/3/2010 14:37,9034.75,9039.2,9034.75,9036.3,6317509,myntra
3/3/2010 14:38,9034.75,9034.75,9029.75,9029.85,6317510,myntra
3/3/2010 14:39,9028.6,9031.85,9028.6,9031.85,6317511,myntra
3/3/2010 14:40,9031.45,9033.35,9030.5,9031.5,6317512,myntra
3/3/2010 14:41,9027.4,9029.75,9025.9,9025.9,6317513,myntra
3/3/2010 14:42,9025.35,9030.3,9025.35,9027.45,6317514,myntra
3/3/2010 14:43,9027.25,9027.25,9020.8,9020.8,6317515,myntra
3/3/2010 14:44,9020.4,9020.4,9012.95,9019.5,6317516,myntra
3/3/2010 14:45,9019.15,9022.05,9018.4,9018.4,6317517,myntra
3/3/2010 14:46,9018.05,9026.45,9018.05,9026.45,6317518,myntra
3/3/2010 14:47,9025.5,9025.5,9021.7,9022.4,6317519,myntra
3/3/2010 14:48,9022.85,9029.7,9020.45,9029.7,6317520,myntra
3/3/2010 14:49,9024.2,9028.85,9024.2,9027.85,6317521,myntra
3/3/2010 14:50,9028.1,9031,9028.1,9030.2,6317522,myntra
3/3/2010 14:51,9031.1,9036.5,9031.1,9036.05,6317523,myntra
3/3/2010 14:52,9037.15,9039.45,9035.2,9039.45,6317524,myntra
3/3/2010 14:53,9035.2,9043.4,9035.2,9043.4,6317525,myntra
3/3/2010 14:54,9041.8,9041.8,9036.55,9038.2,6317526,myntra
3/3/2010 14:55,9036.3,9039.15,9033.5,9033.5,6317527,myntra
3/3/2010 14:56,9032.85,9036.75,9031.5,9031.5,6317528,myntra
3/3/2010 14:57,9033.15,9034.35,9032.4,9034.35,6317529,myntra
3/3/2010 14:58,9034.8,9034.8,9032.15,9032.7,6317530,myntra
3/3/2010 14:59,9034.95,9034.95,9032.5,9034.95,6317531,myntra
3/3/2010 15:00,9034.45,9037.4,9033.65,9034.6,6317532,myntra
3/3/2010 15:01,9033.8,9033.8,9030.8,9031.5,6317533,myntra
3/3/2010 15:02,9031.1,9031.4,9028,9030.45,6317534,myntra
3/3/2010 15:03,9031.4,9033.4,9029.6,9031.05,6317535,myntra
3/3/2010 15:04,9031.7,9034.7,9031.4,9032,6317536,myntra
3/3/2010 15:05,9034.55,9034.55,9031.7,9033.55,6317537,myntra
3/3/2010 15:06,9033,9035.45,9033,9034.3,6317538,myntra
3/3/2010 15:07,9035.6,9040.45,9035.6,9040.45,6317539,myntra
3/3/2010 15:08,9039.8,9041.4,9038.95,9040.55,6317540,myntra
3/3/2010 15:09,9042.35,9045.85,9041,9043.95,6317541,myntra
3/3/2010 15:10,9043.9,9046.9,9043.65,9044.7,6317542,myntra
3/3/2010 15:11,9044,9044.75,9043,9044.55,6317543,myntra
3/3/2010 15:12,9044.75,9045,9039.15,9041.7,6317544,myntra
3/3/2010 15:13,9042.15,9043,9036.35,9036.55,6317545,myntra
3/3/2010 15:14,9035.7,9038.85,9034.85,9035.05,6317546,myntra
3/3/2010 15:15,9035.35,9036.7,9035.05,9035.95,6317547,myntra
3/3/2010 15:16,9037.45,9040.15,9036.9,9036.9,6317548,myntra
3/3/2010 15:17,9036.55,9038.95,9034.8,9038.95,6317549,myntra
3/3/2010 15:18,9037.15,9038.65,9035.7,9036.75,6317550,myntra
3/3/2010 15:19,9037.9,9037.9,9035.15,9035.4,6317551,myntra
3/3/2010 15:20,9033.55,9038.4,9033.55,9038,6317552,myntra
3/3/2010 15:21,9037,9038.75,9036.45,9038.75,6317553,myntra
3/3/2010 15:22,9037.2,9039.15,9037.05,9038.6,6317554,myntra
3/3/2010 15:23,9038.85,9042.35,9038.25,9039.15,6317555,myntra
3/3/2010 15:24,9039.8,9039.8,9037.6,9038.4,6317556,myntra
3/3/2010 15:25,9039.55,9041.2,9037.95,9039.05,6317557,myntra
3/3/2010 15:26,9038.25,9038.25,9036.05,9036.85,6317558,myntra
3/3/2010 15:27,9038.05,9038.05,9035.65,9037.3,6317559,myntra
3/3/2010 15:28,9036.5,9038.9,9036.45,9038.9,6317560,myntra
3/3/2010 15:29,9038.1,9044.35,9038.1,9044.35,6317561,myntra
3/3/2010 15:30,9042.55,9046.4,9042.5,9044.3,6317562,myntra
3/4/2010 9:01,9055.95,9055.95,9020.9,9022.1,6317563,myntra
3/4/2010 9:02,9020.15,9020.85,9015.05,9020.85,6317564,myntra
3/4/2010 9:03,9021.85,9025.85,9019.1,9023.15,6317565,myntra
3/4/2010 9:04,9022.2,9033,9022.2,9030,6317566,myntra
3/4/2010 9:05,9030.4,9036.85,9030,9030,6317567,myntra
3/4/2010 9:06,9028.25,9040.95,9027.85,9040.95,6317568,myntra
3/4/2010 9:07,9038.2,9041.95,9038.2,9041.4,6317569,myntra
3/4/2010 9:08,9038.15,9042.6,9036.65,9042.6,6317570,myntra
3/4/2010 9:09,9041.7,9044.6,9039.85,9039.85,6317571,myntra
3/4/2010 9:10,9039.35,9039.35,9034.1,9034.1,6317572,myntra
3/4/2010 9:11,9035.8,9039.55,9035.3,9039.55,6317573,myntra
3/4/2010 9:12,9041.45,9049.3,9040.6,9049.3,6317574,myntra
3/4/2010 9:13,9051.05,9059.85,9051.05,9058.8,6317575,myntra
3/4/2010 9:14,9058.6,9061.3,9057.3,9058.85,6317576,myntra
3/4/2010 9:15,9059.8,9065.1,9058.8,9061.15,6317577,myntra
3/4/2010 9:16,9058.8,9062.75,9058.55,9062.75,6317578,myntra
3/4/2010 9:17,9061.35,9064.55,9060.05,9062.25,6317579,myntra
3/4/2010 9:18,9061.35,9066.55,9061.35,9065.75,6317580,myntra
3/4/2010 9:19,9063.75,9067.95,9061.75,9066.15,6317581,myntra
3/4/2010 9:20,9066.55,9068.95,9065.2,9067.25,6317582,myntra
3/4/2010 9:21,9065.95,9068.3,9064.45,9065.4,6317583,myntra
3/4/2010 9:22,9065.1,9068.15,9063.55,9063.7,6317584,myntra
3/4/2010 9:23,9061.9,9062.35,9058.4,9059.1,6317585,myntra
3/4/2010 9:24,9059.4,9060.9,9055.45,9056.2,6317586,myntra
3/4/2010 9:25,9055.95,9058.45,9055.85,9058.3,6317587,myntra
3/4/2010 9:26,9058.35,9060.6,9058.35,9060,6317588,myntra
3/4/2010 9:27,9059.35,9061.75,9059.35,9061.05,6317589,myntra
3/4/2010 9:28,9060.55,9060.55,9057.35,9057.55,6317590,myntra
3/4/2010 9:29,9056.3,9056.45,9054.9,9055.85,6317591,myntra
3/4/2010 9:30,9053.55,9053.9,9045.75,9047.1,6317592,myntra
3/4/2010 9:31,9046.05,9046.4,9039.5,9041.9,6317593,myntra
3/4/2010 9:32,9043.65,9045.3,9042.15,9045.3,6317594,myntra
3/4/2010 9:33,9046,9047.65,9046,9046.6,6317595,myntra
3/4/2010 9:34,9049.6,9049.6,9047.7,9048.2,6317596,myntra
3/4/2010 9:35,9046.05,9046.05,9041.05,9043.2,6317597,myntra
3/4/2010 9:36,9042.95,9043.25,9039,9043.25,6317598,myntra
3/4/2010 9:37,9043.95,9043.95,9035.55,9035.55,6317599,myntra
3/4/2010 9:38,9035.35,9038.2,9032.95,9033,6317600,myntra
3/4/2010 9:39,9034.7,9034.7,9032.7,9032.7,6317601,myntra
3/4/2010 9:40,9032.1,9037.85,9032.1,9037.4,6317602,myntra
3/4/2010 9:41,9037.3,9040.5,9037.3,9040.5,6317603,myntra
3/4/2010 9:42,9040.1,9045.7,9040.1,9043.55,6317604,myntra
3/4/2010 9:43,9043.9,9044.8,9042.25,9044,6317605,myntra
3/4/2010 9:44,9042.45,9046.4,9042.3,9044.7,6317606,myntra
3/4/2010 9:45,9044.15,9045.2,9041.1,9042.9,6317607,myntra
3/4/2010 9:46,9043.15,9045.9,9042,9042.4,6317608,myntra
3/4/2010 9:47,9045.5,9050.95,9044.4,9050.95,6317609,myntra
3/4/2010 9:48,9050.2,9052.3,9050.2,9052,6317610,myntra
3/4/2010 9:49,9051.35,9052.55,9050.5,9051.1,6317611,myntra
3/4/2010 9:50,9051.6,9052.3,9050,9051.75,6317612,myntra
3/4/2010 9:51,9051.3,9051.3,9049.25,9049.9,6317613,myntra
3/4/2010 9:52,9049.55,9049.55,9045.5,9045.5,6317614,myntra
3/4/2010 9:53,9046.45,9047.1,9045.95,9046.65,6317615,myntra
3/4/2010 9:54,9046.05,9047.25,9045.75,9047.25,6317616,myntra
3/4/2010 9:55,9047.35,9050,9047.1,9050,6317617,myntra
3/4/2010 9:56,9049.6,9050.05,9046.95,9047.4,6317618,myntra
3/4/2010 9:57,9048.3,9049.05,9047.35,9048.6,6317619,myntra
3/4/2010 9:58,9048.75,9052.3,9048.35,9052.3,6317620,myntra
3/4/2010 9:59,9052.6,9053.8,9047.95,9047.95,6317621,myntra
3/4/2010 10:00,9050,9050,9046.6,9047.45,6317622,myntra
3/4/2010 10:01,9048,9048.95,9044.85,9045.25,6317623,myntra
3/4/2010 10:02,9043.7,9046.3,9042.35,9046.1,6317624,myntra
3/4/2010 10:03,9045.85,9049.75,9045.75,9049.75,6317625,myntra
3/4/2010 10:04,9049.8,9049.8,9046.65,9047.35,6317626,myntra
3/4/2010 10:05,9046.85,9046.85,9040.3,9040.3,6317627,myntra
3/4/2010 10:06,9039.6,9040.95,9039.4,9040.95,6317628,myntra
3/4/2010 10:07,9040.75,9042.55,9039.75,9042.25,6317629,myntra
3/4/2010 10:08,9042.7,9044.95,9040.7,9044.95,6317630,myntra
3/4/2010 10:09,9045.6,9046.25,9043.6,9045,6317631,myntra
3/4/2010 10:10,9044.3,9044.8,9043.65,9043.75,6317632,myntra
3/4/2010 10:11,9043.15,9044.35,9041.4,9042.5,6317633,myntra
3/4/2010 10:12,9040.55,9041.2,9038.95,9038.95,6317634,myntra
3/4/2010 10:13,9039.85,9039.85,9032.2,9033.05,6317635,myntra
3/4/2010 10:14,9035.1,9035.1,9031.05,9032.1,6317636,myntra
3/4/2010 10:15,9030.7,9033.1,9028.4,9030.55,6317637,myntra
3/4/2010 10:16,9031.6,9033.75,9031.6,9031.75,6317638,myntra
3/4/2010 10:17,9030.45,9030.95,9029.45,9029.45,6317639,myntra
3/4/2010 10:18,9029.85,9031.45,9029.3,9029.75,6317640,myntra
3/4/2010 10:19,9032.5,9032.5,9028.6,9029.75,6317641,myntra
3/4/2010 10:20,9029.25,9030.65,9026.8,9026.95,6317642,myntra
3/4/2010 10:21,9026.8,9026.9,9023.1,9023.35,6317643,myntra
3/4/2010 10:22,9023.7,9028.75,9023.5,9028.75,6317644,myntra
3/4/2010 10:23,9028.5,9031.9,9027.7,9030.5,6317645,myntra
3/4/2010 10:24,9030.2,9036.35,9030.2,9036,6317646,myntra
3/4/2010 10:25,9035.8,9035.8,9031.65,9031.65,6317647,myntra
3/4/2010 10:26,9030.8,9033.75,9029.65,9032.8,6317648,myntra
3/4/2010 10:27,9031.65,9034.25,9030.05,9031.9,6317649,myntra
3/4/2010 10:28,9032.75,9032.75,9030.25,9030.5,6317650,myntra
3/4/2010 10:29,9032.6,9034.85,9030.75,9034.85,6317651,myntra
3/4/2010 10:30,9034.3,9039.25,9034.3,9038.95,6317652,myntra
3/4/2010 10:31,9040.6,9043.8,9040.6,9043.8,6317653,myntra
3/4/2010 10:32,9043.55,9044.05,9042.25,9042.95,6317654,myntra
3/4/2010 10:33,9043.1,9043.55,9041.75,9042.35,6317655,myntra
3/4/2010 10:34,9043.85,9044.75,9041.5,9043.05,6317656,myntra
3/4/2010 10:35,9041,9043.4,9041,9041.15,6317657,myntra
3/4/2010 10:36,9043.25,9043.25,9041.1,9041.8,6317658,myntra
3/4/2010 10:37,9041.6,9043.05,9041.45,9041.45,6317659,myntra
3/4/2010 10:38,9041.3,9043.2,9040.4,9043.2,6317660,myntra
3/4/2010 10:39,9042.95,9042.95,9037.75,9038.3,6317661,myntra
3/4/2010 10:40,9039.1,9041.9,9038.6,9041.65,6317662,myntra
3/4/2010 10:41,9043.35,9043.35,9041.15,9042.2,6317663,myntra
3/4/2010 10:42,9042.3,9045.75,9041.95,9043.65,6317664,myntra
3/4/2010 10:43,9041.5,9043.25,9040.65,9041.05,6317665,myntra
3/4/2010 10:44,9042.85,9047.25,9042.55,9043.7,6317666,myntra
3/4/2010 10:45,9042.3,9043.45,9041.35,9041.8,6317667,myntra
3/4/2010 10:46,9041.4,9043.1,9040.95,9041.85,6317668,myntra
3/4/2010 10:47,9041.35,9041.75,9039.5,9040.6,6317669,myntra
3/4/2010 10:48,9039.8,9039.8,9035.5,9035.5,6317670,myntra
3/4/2010 10:49,9037.3,9041.9,9037.05,9041.1,6317671,myntra
3/4/2010 10:50,9040.95,9042,9038.2,9038.9,6317672,myntra
3/4/2010 10:51,9037.35,9039.5,9037.05,9037.7,6317673,myntra
3/4/2010 10:52,9037.25,9037.4,9031.7,9031.7,6317674,myntra
3/4/2010 10:53,9032.15,9035.8,9032.15,9033.85,6317675,myntra
3/4/2010 10:54,9034.3,9037.05,9033.25,9037.05,6317676,myntra
3/4/2010 10:55,9037.3,9038.7,9033.55,9036.5,6317677,myntra
3/4/2010 10:56,9038.3,9044.7,9038.3,9044.7,6317678,myntra
3/4/2010 10:57,9043.15,9043.7,9041.15,9041.65,6317679,myntra
3/4/2010 10:58,9040.95,9044.35,9040.95,9041.4,6317680,myntra
3/4/2010 10:59,9044.15,9044.7,9042.25,9043.85,6317681,myntra
3/4/2010 11:00,9044,9045.7,9043.85,9044.1,6317682,myntra
3/4/2010 11:01,9044.35,9045.8,9042.4,9042.4,6317683,myntra
3/4/2010 11:02,9044.85,9044.85,9038.75,9038.75,6317684,myntra
3/4/2010 11:03,9039.65,9040.95,9037.45,9037.45,6317685,myntra
3/4/2010 11:04,9036.95,9041,9035.75,9036.85,6317686,myntra
3/4/2010 11:05,9034.8,9039.3,9034.8,9039.3,6317687,myntra
3/4/2010 11:06,9037.3,9037.3,9035.5,9035.75,6317688,myntra
3/4/2010 11:07,9035.35,9036.2,9032.9,9034.8,6317689,myntra
3/4/2010 11:08,9034.65,9037.05,9034.65,9036.7,6317690,myntra
3/4/2010 11:09,9037.5,9039.6,9036.85,9037.95,6317691,myntra
3/4/2010 11:10,9038.9,9039.15,9037.2,9037.8,6317692,myntra
3/4/2010 11:11,9039.1,9041.7,9037.55,9041.7,6317693,myntra
3/4/2010 11:12,9040.7,9041.95,9038.8,9040.5,6317694,myntra
3/4/2010 11:13,9041.15,9043.15,9039.9,9040.85,6317695,myntra
3/4/2010 11:14,9042.4,9042.5,9039.45,9041.35,6317696,myntra
3/4/2010 11:15,9041.55,9041.55,9038.1,9038.1,6317697,myntra
3/4/2010 11:16,9038.85,9041.15,9038.85,9041.15,6317698,myntra
3/4/2010 11:17,9041.4,9042.2,9040.8,9041.45,6317699,myntra
3/4/2010 11:18,9038.95,9039.55,9037.6,9039.25,6317700,myntra
3/4/2010 11:19,9037.75,9038.6,9037.45,9038.6,6317701,myntra
3/4/2010 11:20,9037.65,9041.2,9037.45,9038.55,6317702,myntra
3/4/2010 11:21,9038.9,9042.9,9038.8,9040.35,6317703,myntra
3/4/2010 11:22,9041.9,9042.75,9040.45,9040.75,6317704,myntra
3/4/2010 11:23,9041.2,9045.35,9037.8,9038.3,6317705,myntra
3/4/2010 11:24,9039.2,9040.8,9039.2,9039.25,6317706,myntra
3/4/2010 11:25,9038.3,9041.05,9036.1,9040.3,6317707,myntra
3/4/2010 11:26,9038.15,9038.45,9036.75,9037.45,6317708,myntra
3/4/2010 11:27,9038.7,9039.1,9037.2,9038.1,6317709,myntra
3/4/2010 11:28,9039.05,9039.05,9036.15,9036.15,6317710,myntra
3/4/2010 11:29,9036.6,9038.2,9035,9035.15,6317711,myntra
3/4/2010 11:30,9035.5,9040.3,9035.5,9038,6317712,myntra
3/4/2010 11:31,9038.15,9038.15,9034.4,9034.75,6317713,myntra
3/4/2010 11:32,9034.65,9035.85,9031.75,9035.85,6317714,myntra
3/4/2010 11:33,9034.7,9035.45,9031.7,9034.1,6317715,myntra
3/4/2010 11:34,9033.85,9035.65,9025.2,9025.2,6317716,myntra
3/4/2010 11:35,9022.05,9024.25,9022.05,9022.4,6317717,myntra
3/4/2010 11:36,9021.95,9023.3,9017.95,9017.95,6317718,myntra
3/4/2010 11:37,9019.2,9019.85,9015.8,9017,6317719,myntra
3/4/2010 11:38,9016.5,9019.95,9016.35,9017.9,6317720,myntra
3/4/2010 11:39,9017.25,9019.85,9016.25,9017.9,6317721,myntra
3/4/2010 11:40,9018.05,9019.45,9017.4,9019.45,6317722,myntra
3/4/2010 11:41,9019.85,9019.85,9017.05,9019,6317723,myntra
3/4/2010 11:42,9020,9020.8,9017.85,9018.85,6317724,myntra
3/4/2010 11:43,9017.9,9017.9,9015.4,9015.4,6317725,myntra
3/4/2010 11:44,9015.8,9020,9014.8,9018,6317726,myntra
3/4/2010 11:45,9017.65,9019.6,9015.65,9016.5,6317727,myntra
3/4/2010 11:46,9016.8,9016.95,9014.3,9014.3,6317728,myntra
3/4/2010 11:47,9014.25,9017.5,9014.15,9016.15,6317729,myntra
3/4/2010 11:48,9015.35,9015.35,9011.45,9013.6,6317730,myntra
3/4/2010 11:49,9013.15,9016.1,9013.15,9016.1,6317731,myntra
3/4/2010 11:50,9015.8,9015.8,9012.25,9013.85,6317732,myntra
3/4/2010 11:51,9012.65,9016.6,9012.55,9016.6,6317733,myntra
3/4/2010 11:52,9017.3,9018.55,9015.9,9015.9,6317734,myntra
3/4/2010 11:53,9016.7,9019.2,9013,9017.1,6317735,myntra
3/4/2010 11:54,9016.9,9022.6,9016.05,9022.6,6317736,myntra
3/4/2010 11:55,9022.25,9023.7,9022.1,9023.45,6317737,myntra
3/4/2010 11:56,9024.55,9026,9024.5,9026,6317738,myntra
3/4/2010 11:57,9024.5,9028.15,9024.5,9028.15,6317739,myntra
3/4/2010 11:58,9029.8,9036.05,9029.8,9035.75,6317740,myntra
3/4/2010 11:59,9032.05,9032.05,9026.35,9029.8,6317741,myntra
3/4/2010 12:00,9028.45,9029.6,9026.4,9028.05,6317742,myntra
3/4/2010 12:01,9027.75,9027.75,9009.95,9009.95,6317743,myntra
3/4/2010 12:02,9011.35,9012.65,9009.65,9009.65,6317744,myntra
3/4/2010 12:03,9008.5,9014.75,9007.25,9013.6,6317745,myntra
3/4/2010 12:04,9013.55,9017.2,9012.4,9017.2,6317746,myntra
3/4/2010 12:05,9016.75,9017.15,9014.45,9014.45,6317747,myntra
3/4/2010 12:06,9013.65,9015.75,9013.65,9015.75,6317748,myntra
3/4/2010 12:07,9016,9017.05,9015.35,9016.2,6317749,myntra
3/4/2010 12:08,9016.75,9025.3,9016.75,9021.6,6317750,myntra
3/4/2010 12:09,9019.8,9020.1,9017.65,9019.95,6317751,myntra
3/4/2010 12:10,9021.35,9021.35,9016.7,9016.7,6317752,myntra
3/4/2010 12:11,9017.1,9017.1,9014.25,9016.8,6317753,myntra
3/4/2010 12:12,9017.95,9018.75,9010.95,9010.95,6317754,myntra
3/4/2010 12:13,9013.15,9015.8,9013.15,9014.9,6317755,myntra
3/4/2010 12:14,9014.4,9014.4,9008,9008,6317756,myntra
3/4/2010 12:15,9009,9009,9003.75,9004.5,6317757,myntra
3/4/2010 12:16,9004,9005.2,9001.2,9001.65,6317758,myntra
3/4/2010 12:17,9002.5,9002.8,8997.05,8997.05,6317759,myntra
3/4/2010 12:18,8997.35,9002.65,8996.55,9002.65,6317760,myntra
3/4/2010 12:19,9001.8,9004.75,9000.2,9004.75,6317761,myntra
3/4/2010 12:20,9002.65,9002.65,8995.8,8996.55,6317762,myntra
3/4/2010 12:21,8995.7,8996.4,8991.8,8993.75,6317763,myntra
3/4/2010 12:22,8993.95,9000.55,8993.95,9000.55,6317764,myntra
3/4/2010 12:23,8999.9,9010.8,8999.1,9010.8,6317765,myntra
3/4/2010 12:24,9011.3,9011.3,9004.15,9005.35,6317766,myntra
3/4/2010 12:25,9005.55,9005.55,9000.8,9000.8,6317767,myntra
3/4/2010 12:26,8997.8,8999.15,8995.15,8995.15,6317768,myntra
3/4/2010 12:27,8994.25,8994.25,8990,8991.65,6317769,myntra
3/4/2010 12:28,8992.6,8993.3,8991.7,8993.1,6317770,myntra
3/4/2010 12:29,8994.25,8995.2,8993.15,8995.15,6317771,myntra
3/4/2010 12:30,8995.2,9001.35,8993.4,8998.3,6317772,myntra
3/4/2010 12:31,9000.05,9001.15,8997.9,8997.9,6317773,myntra
3/4/2010 12:32,8996.8,8996.8,8994.5,8996.4,6317774,myntra
3/4/2010 12:33,8997.85,9002.65,8996.7,9002.65,6317775,myntra
3/4/2010 12:34,9002.85,9004.2,9001.8,9003.8,6317776,myntra
3/4/2010 12:35,9003.85,9003.85,9002.3,9002.95,6317777,myntra
3/4/2010 12:36,9002.85,9004.75,9001.25,9001.25,6317778,myntra
3/4/2010 12:37,9001.45,9003.85,9001.45,9002.7,6317779,myntra
3/4/2010 12:38,9002.9,9004.95,9002.9,9004.95,6317780,myntra
3/4/2010 12:39,9005.75,9007.7,9004.95,9006.5,6317781,myntra
3/4/2010 12:40,9003.7,9008.15,9003.7,9008.15,6317782,myntra
3/4/2010 12:41,9006.65,9010.1,9006,9009.1,6317783,myntra
3/4/2010 12:42,9009.45,9010.65,9008.45,9010.6,6317784,myntra
3/4/2010 12:43,9010.1,9010.95,9008.15,9010.9,6317785,myntra
3/4/2010 12:44,9010.3,9011.2,9006.05,9007.35,6317786,myntra
